msa_title,msa,pop
"Albertville, AL Micro Area; Alabama",10700,98712
"Alexander City, AL Micro Area; Alabama",10760,41070
"Anniston-Oxford, AL Metro Area; Alabama",11500,116141
"Auburn-Opelika, AL Metro Area; Alabama",12220,196614
"Birmingham, AL Metro Area; Alabama",13820,1181432
"Columbus, GA-AL Metro Area (part); Alabama",17980,58858
"Cullman, AL Micro Area; Alabama",18980,89463
"Daphne-Fairhope-Foley, AL Metro Area; Alabama",19300,239945
"Decatur, AL Metro Area; Alabama",19460,156924
"Dothan, AL Metro Area; Alabama",20020,151804
"Enterprise, AL Micro Area; Alabama",21460,54231
"Eufaula, AL-GA Micro Area (part); Alabama",21640,24757
"Florence-Muscle Shoals, AL Metro Area; Alabama",22520,152685
"Fort Payne, AL Micro Area; Alabama",22840,71946
"Gadsden, AL Metro Area; Alabama",23460,103208
"Huntsville, AL Metro Area; Alabama",26620,504712
"LaGrange, GA-AL Micro Area (part); Alabama",29300,34450
"Mobile, AL Metro Area; Alabama",33660,413162
"Montgomery, AL Metro Area; Alabama",33860,385159
"Ozark, AL Micro Area; Alabama",37120,49516
"Russellville, AL Micro Area; Alabama",40770,31978
"Scottsboro, AL Micro Area; Alabama",42460,52839
"Selma, AL Micro Area; Alabama",42820,37536
"Talladega-Sylacauga, AL Micro Area; Alabama",45180,91493
"Troy, AL Micro Area; Alabama",45980,32953
"Tuscaloosa, AL Metro Area; Alabama",46220,275217
"Anchorage, AK Metro Area; Alaska",11260,399746
"Fairbanks-College, AK Metro Area; Alaska",21820,95555
"Juneau, AK Micro Area; Alaska",27940,31969
"Ketchikan, AK Micro Area; Alaska",28540,13870
"Flagstaff, AZ Metro Area; Arizona",22380,144643
"Lake Havasu City-Kingman, AZ Metro Area; Arizona",29420,217420
"Nogales, AZ Micro Area; Arizona",35700,48209
"Payson, AZ Micro Area; Arizona",37740,53610
"Phoenix-Mesa-Chandler, AZ Metro Area; Arizona",38060,4941206
"Prescott Valley-Prescott, AZ Metro Area; Arizona",39150,241656
"Safford, AZ Micro Area; Arizona",40940,38860
"Show Low, AZ Micro Area; Arizona",43320,107744
"Sierra Vista-Douglas, AZ Metro Area; Arizona",43420,125458
"Tucson, AZ Metro Area; Arizona",46060,1049947
"Yuma, AZ Metro Area; Arizona",49740,207685
"Arkadelphia, AR Micro Area; Arkansas",11660,21378
"Batesville, AR Micro Area; Arkansas",12900,38120
"Blytheville, AR Micro Area; Arkansas",14180,39749
"Camden, AR Micro Area; Arkansas",15780,27034
"El Dorado, AR Micro Area; Arkansas",20980,38368
"Fayetteville-Springdale-Rogers, AR Metro Area; Arkansas",22220,563436
"Forrest City, AR Micro Area; Arkansas",22620,22740
"Fort Smith, AR-OK Metro Area (part); Arkansas",22900,189240
"Harrison, AR Micro Area; Arkansas",25460,45071
"Hot Springs, AR Metro Area; Arkansas",26300,100062
"Jonesboro, AR Metro Area; Arkansas",27860,134837
"Little Rock-North Little Rock-Conway, AR Metro Area; Arkansas",30780,753605
"Magnolia, AR Micro Area; Arkansas",31620,22527
"Malvern, AR Micro Area; Arkansas",31680,33142
"Memphis, TN-MS-AR Metro Area (part); Arkansas",32820,47609
"Mountain Home, AR Micro Area; Arkansas",34260,42150
"Paragould, AR Micro Area; Arkansas",37500,46182
"Pine Bluff, AR Micro Area; Arkansas",38220,73271
"Russellville, AR Micro Area; Arkansas",40780,84025
"Searcy, AR Micro Area; Arkansas",42620,77395
"Texarkana, TX-AR Metro Area (part); Arkansas",45500,54547
"Bakersfield-Delano, CA Metro Area; California",12540,910433
"Bishop, CA Micro Area; California",13860,18803
"Chico, CA Metro Area; California",17020,209470
"Clearlake, CA Micro Area; California",17340,68139
"Crescent City, CA Micro Area; California",18860,27293
"El Centro, CA Metro Area; California",20940,179319
"Eureka-Arcata, CA Micro Area; California",21700,135418
"Fresno, CA Metro Area; California",23420,1170942
"Gardnerville Ranchos, NV-CA Micro Area (part); California",23820,1695
"Hanford-Corcoran, CA Metro Area; California",25260,152830
"Los Angeles-Long Beach-Anaheim, CA Metro Area; California",31080,13012469
"Merced, CA Metro Area; California",32900,285597
"Modesto, CA Metro Area; California",33700,552250
"Napa, CA Metro Area; California",34900,136070
"Oxnard-Thousand Oaks-Ventura, CA Metro Area; California",37100,838259
"Red Bluff, CA Micro Area; California",39780,65520
"Redding, CA Metro Area; California",39820,181554
"Riverside-San Bernardino-Ontario, CA Metro Area; California",40140,4637725
"Sacramento-Roseville-Folsom, CA Metro Area; California",40900,2406563
"Salinas, CA Metro Area; California",41500,435834
"San Diego-Chula Vista-Carlsbad, CA Metro Area; California",41740,3282782
"San Francisco-Oakland-Fremont, CA Metro Area; California",41860,4653593
"San Jose-Sunnyvale-Santa Clara, CA Metro Area; California",41940,1969353
"San Luis Obispo-Paso Robles, CA Metro Area; California",42020,281486
"Santa Cruz-Watsonville, CA Metro Area; California",42100,266021
"Santa Maria-Santa Barbara, CA Metro Area; California",42200,443975
"Santa Rosa-Petaluma, CA Metro Area; California",42220,485642
"Sonora, CA Micro Area; California",43760,54873
"Stockton-Lodi, CA Metro Area; California",44700,787416
"Susanville, CA Micro Area; California",45000,31177
"Truckee-Grass Valley, CA Micro Area; California",46020,102452
"Ukiah, CA Micro Area; California",46380,90709
"Vallejo, CA Metro Area; California",46700,450824
"Visalia, CA Metro Area; California",47300,475774
"Yuba City, CA Metro Area; California",49700,182050
"Alamosa, CO Micro Area; Colorado",10480,27622
"Boulder, CO Metro Area; Colorado",14500,328317
"Breckenridge, CO Micro Area; Colorado",14720,38268
"Cañon City, CO Micro Area; Colorado",15860,49394
"Colorado Springs, CO Metro Area; Colorado",17820,760782
"Denver-Aurora-Centennial, CO Metro Area; Colorado",19740,2977085
"Durango, CO Micro Area; Colorado",20420,56088
"Edwards, CO Micro Area; Colorado",20780,55374
"Fort Collins-Loveland, CO Metro Area; Colorado",22660,363561
"Fort Morgan, CO Micro Area; Colorado",22820,29186
"Grand Junction, CO Metro Area; Colorado",24300,157316
"Greeley, CO Metro Area; Colorado",24540,340711
"Montrose, CO Micro Area; Colorado",33940,43272
"Pueblo, CO Metro Area; Colorado",39380,168726
"Rifle, CO Micro Area; Colorado",40090,79153
"Steamboat Springs, CO Micro Area; Colorado",44460,38248
"Sterling, CO Micro Area; Colorado",44540,21067
"Bridgeport-Stamford-Danbury, CT Metro Area; Connecticut",14860,947528
"Hartford-West Hartford-East Hartford, CT Metro Area; Connecticut",25540,1144012
"New Haven, CT Metro Area; Connecticut",35300,566803
"Norwich-New London-Willimantic, CT Metro Area; Connecticut",35980,279025
"Putnam, CT Micro Area; Connecticut",39480,95829
"Torrington, CT Micro Area; Connecticut",45860,112848
"Waterbury-Shelton, CT Metro Area; Connecticut",47930,452303
"Dover, DE Metro Area; Delaware",20100,185043
"Philadelphia-Camden-Wilmington, PA-NJ-DE-MD Metro Area (part); Delaware",37980,573030
"Seaford, DE Micro Area; Delaware",42580,247799
"Washington-Arlington-Alexandria, DC-VA-MD-WV Metro Area (part); District of Columbia",47900,672079
"Arcadia, FL Micro Area; Florida",11580,34719
"Cape Coral-Fort Myers, FL Metro Area; Florida",15980,792692
"Clewiston, FL Micro Area; Florida",17500,53122
"Crestview-Fort Walton Beach-Destin, FL Metro Area; Florida",18880,294127
"Deltona-Daytona Beach-Ormond Beach, FL Metro Area; Florida",19660,689939
"Gainesville, FL Metro Area; Florida",23540,344521
"Homosassa Springs, FL Metro Area; Florida",26140,158693
"Jacksonville, FL Metro Area; Florida",27260,1645707
"Key West-Key Largo, FL Micro Area; Florida",28580,81840
"Lake City, FL Micro Area; Florida",29380,70755
"Lakeland-Winter Haven, FL Metro Area; Florida",29460,760961
"Miami-Fort Lauderdale-West Palm Beach, FL Metro Area; Florida",33100,6138876
"Naples-Marco Island, FL Metro Area; Florida",34940,387681
"North Port-Bradenton-Sarasota, FL Metro Area; Florida",35840,865031
"Ocala, FL Metro Area; Florida",36100,387697
"Okeechobee, FL Micro Area; Florida",36380,40249
"Orlando-Kissimmee-Sanford, FL Metro Area; Florida",36740,2721022
"Palatka, FL Micro Area; Florida",37260,74235
"Palm Bay-Melbourne-Titusville, FL Metro Area; Florida",37340,620533
"Panama City-Panama City Beach, FL Metro Area; Florida",37460,206627
"Pensacola-Ferry Pass-Brent, FL Metro Area; Florida",37860,516994
"Port St. Lucie, FL Metro Area; Florida",38940,506701
"Punta Gorda, FL Metro Area; Florida",39460,195083
"Sebastian-Vero Beach-West Vero Corridor, FL Metro Area; Florida",42680,163856
"Sebring, FL Metro Area; Florida",42700,103808
"Tallahassee, FL Metro Area; Florida",45220,388298
"Tampa-St. Petersburg-Clearwater, FL Metro Area; Florida",45300,3240469
"Wildwood-The Villages, FL Metro Area; Florida",48680,137536
"Albany, GA Metro Area; Georgia",10500,146768
"Americus, GA Micro Area; Georgia",11140,33713
"Athens-Clarke County, GA Metro Area; Georgia",12020,218190
"Atlanta-Sandy Springs-Roswell, GA Metro Area; Georgia",12060,6176937
"Augusta-Richmond County, GA-SC Metro Area (part); Georgia",12260,419565
"Bainbridge, GA Micro Area; Georgia",12460,29118
"Brunswick-St. Simons, GA Metro Area; Georgia",15260,114345
"Calhoun, GA Micro Area; Georgia",15660,58336
"Cedartown, GA Micro Area; Georgia",16340,43365
"Chattanooga, TN-GA Metro Area (part); Georgia",16860,153001
"Columbus, GA-AL Metro Area (part); Georgia",17980,267278
"Cordele, GA Micro Area; Georgia",18380,19995
"Cornelia, GA Micro Area; Georgia",18460,46948
"Dalton, GA Metro Area; Georgia",19140,143400
"Douglas, GA Micro Area; Georgia",20060,51422
"Dublin, GA Micro Area; Georgia",20140,58811
"Eufaula, AL-GA Micro Area (part); Georgia",21640,2092
"Fitzgerald, GA Micro Area; Georgia",22340,17138
"Gainesville, GA Metro Area; Georgia",23580,208395
"Hinesville, GA Metro Area; Georgia",25980,84338
"Jefferson, GA Micro Area; Georgia",27600,80640
"Jesup, GA Micro Area; Georgia",27700,30519
"Kingsland, GA Micro Area; Georgia",28680,56036
"LaGrange, GA-AL Micro Area (part); Georgia",29300,69821
"Macon-Bibb County, GA Metro Area; Georgia",31420,234040
"Milledgeville, GA Micro Area; Georgia",33300,43669
"Moultrie, GA Micro Area; Georgia",34220,45907
"Rome, GA Metro Area; Georgia",40660,98985
"Savannah, GA Metro Area; Georgia",42340,412089
"Statesboro, GA Micro Area; Georgia",44340,92112
"Summerville, GA Micro Area; Georgia",44900,24975
"Thomaston, GA Micro Area; Georgia",45580,27856
"Thomasville, GA Micro Area; Georgia",45620,71752
"Tifton, GA Micro Area; Georgia",45700,50237
"Toccoa, GA Micro Area; Georgia",45740,26842
"Valdosta, GA Metro Area; Georgia",46660,149139
"Vidalia, GA Micro Area; Georgia",47080,35618
"Warner Robins, GA Metro Area; Georgia",47580,195171
"Waycross, GA Micro Area; Georgia",48180,55954
"Hilo-Kailua, HI Micro Area; Hawaii",25900,203684
"Kahului-Wailuku, HI Metro Area; Hawaii",27980,164675
"Kapaa, HI Micro Area; Hawaii",28180,73610
"Urban Honolulu, HI Metro Area; Hawaii",46520,1003666
"Blackfoot, ID Micro Area; Idaho",13940,48993
"Boise City, ID Metro Area; Idaho",14260,790640
"Brigham City, UT-ID Micro Area (part); Idaho",14940,4681
"Burley, ID Micro Area; Idaho",15420,47087
"Coeur d'Alene, ID Metro Area; Idaho",17660,177736
"Hailey, ID Micro Area; Idaho",25200,31010
"Idaho Falls, ID Metro Area; Idaho",26820,161944
"Jackson, WY-ID Micro Area (part); Idaho",27220,12101
"Lewiston, ID-WA Metro Area (part); Idaho",30300,42477
"Logan, UT-ID Metro Area (part); Idaho",30860,14715
"Moscow, ID Micro Area; Idaho",34140,40315
"Mountain Home, ID Micro Area; Idaho",34300,29046
"Ontario, OR-ID Micro Area (part); Idaho",36620,26190
"Pocatello, ID Metro Area; Idaho",38540,88457
"Rexburg, ID Micro Area; Idaho",39940,67279
"Sandpoint, ID Micro Area; Idaho",41760,49456
"Twin Falls, ID Metro Area; Idaho",46300,116909
"Bloomington, IL Metro Area; Illinois",14010,170882
"Burlington, IA-IL Micro Area (part); Illinois",15460,6284
"Canton, IL Micro Area; Illinois",15900,33259
"Cape Girardeau, MO-IL Metro Area (part); Illinois",16020,5042
"Carbondale, IL Micro Area; Illinois",16060,52706
"Centralia, IL Micro Area; Illinois",16460,37294
"Champaign-Urbana, IL Metro Area; Illinois",16580,236196
"Charleston-Mattoon, IL Micro Area; Illinois",16660,46689
"Chicago-Naperville-Elgin, IL-IN Metro Area (part); Illinois",16980,8639358
"Danville, IL Micro Area; Illinois",19180,73179
"Davenport-Moline-Rock Island, IA-IL Metro Area (part); Illinois",19340,207562
"Decatur, IL Metro Area; Illinois",19500,102591
"Dixon, IL Micro Area; Illinois",19940,34058
"Effingham, IL Micro Area; Illinois",20820,44883
"Freeport, IL Micro Area; Illinois",23300,44042
"Galesburg, IL Micro Area; Illinois",23660,49294
"Jacksonville, IL Micro Area; Illinois",27300,37468
"Kankakee, IL Metro Area; Illinois",28100,106833
"Lincoln, IL Micro Area; Illinois",30660,27870
"Macomb, IL Micro Area; Illinois",31380,27102
"Marion-Herrin, IL Micro Area; Illinois",32060,66902
"Mount Vernon, IL Micro Area; Illinois",34500,36808
"Ottawa, IL Micro Area; Illinois",36837,147676
"Paducah, KY-IL Metro Area (part); Illinois",37140,13958
"Peoria, IL Metro Area; Illinois",37900,365773
"Pontiac, IL Micro Area; Illinois",38700,35659
"Quincy, IL-MO Micro Area (part); Illinois",39500,65166
"Rochelle, IL Micro Area; Illinois",40300,51536
"Rockford, IL Metro Area; Illinois",40420,336605
"St. Louis, MO-IL Metro Area (part); Illinois",41180,678211
"Springfield, IL Metro Area; Illinois",44100,207386
"Sterling, IL Micro Area; Illinois",44580,55192
"Taylorville, IL Micro Area; Illinois",45380,33684
"Angola, IN Micro Area; Indiana",11420,34648
"Auburn, IN Micro Area; Indiana",12140,43584
"Bedford, IN Micro Area; Indiana",13260,45077
"Bloomington, IN Metro Area; Indiana",14020,161256
"Chicago-Naperville-Elgin, IL-IN Metro Area (part); Indiana",16980,720197
"Cincinnati, OH-KY-IN Metro Area (part); Indiana",17140,79750
"Columbus, IN Metro Area; Indiana",18020,82881
"Connersville, IN Micro Area; Indiana",18220,23390
"Crawfordsville, IN Micro Area; Indiana",18820,38155
"Decatur, IN Micro Area; Indiana",19540,35995
"Elkhart-Goshen, IN Metro Area; Indiana",21140,206868
"Evansville, IN Metro Area; Indiana",21780,269721
"Fort Wayne, IN Metro Area; Indiana",23060,451440
"Frankfort, IN Micro Area; Indiana",23140,32967
"Greencastle, IN Micro Area; Indiana",24600,37091
"Greensburg, IN Micro Area; Indiana",24700,26411
"Huntington, IN Micro Area; Indiana",26540,36757
"Indianapolis-Carmel-Greenwood, IN Metro Area; Indiana",26900,2106327
"Jasper, IN Micro Area; Indiana",27540,43563
"Kendallville, IN Micro Area; Indiana",28340,47417
"Kokomo, IN Metro Area; Indiana",29020,83610
"Lafayette-West Lafayette, IN Metro Area; Indiana",29200,225019
"Logansport, IN Micro Area; Indiana",30900,37703
"Louisville/Jefferson County, KY-IN Metro Area (part); Indiana",31140,271264
"Madison, IN Micro Area; Indiana",31500,33074
"Marion, IN Micro Area; Indiana",31980,66377
"Michigan City-La Porte, IN Metro Area; Indiana",33140,112141
"Monticello, IN Micro Area; Indiana",33900,24709
"Muncie, IN Metro Area; Indiana",34620,112109
"New Castle, IN Micro Area; Indiana",35220,48896
"Peru, IN Micro Area; Indiana",37940,35772
"Plymouth, IN Micro Area; Indiana",38500,46225
"Richmond, IN Micro Area; Indiana",39980,66377
"Seymour, IN Micro Area; Indiana",42980,46319
"South Bend-Mishawaka, IN-MI Metro Area (part); Indiana",43780,272574
"Terre Haute, IN Metro Area; Indiana",45460,168850
"Vincennes, IN Micro Area; Indiana",47180,36108
"Wabash, IN Micro Area; Indiana",47340,30901
"Warsaw, IN Micro Area; Indiana",47700,80357
"Washington, IN Micro Area; Indiana",47780,33442
"Ames, IA Metro Area; Iowa",11180,125261
"Burlington, IA-IL Micro Area (part); Iowa",15460,38597
"Carroll, IA Micro Area; Iowa",16140,20677
"Cedar Rapids, IA Metro Area; Iowa",16300,275960
"Clinton, IA Micro Area; Iowa",17540,46383
"Davenport-Moline-Rock Island, IA-IL Metro Area (part); Iowa",19340,174302
"Des Moines-West Des Moines, IA Metro Area; Iowa",19780,720331
"Dubuque, IA Metro Area; Iowa",20220,98948
"Fort Dodge, IA Micro Area; Iowa",22700,36848
"Fort Madison, IA Micro Area; Iowa",22800,33175
"Iowa City, IA Metro Area; Iowa",26980,177420
"Le Mars, IA Micro Area; Iowa",30180,25699
"Marshalltown, IA Micro Area; Iowa",32260,39971
"Mason City, IA Micro Area; Iowa",32380,50165
"Muscatine, IA Micro Area; Iowa",34700,42735
"Omaha, NE-IA Metro Area (part); Iowa",36540,122615
"Oskaloosa, IA Micro Area; Iowa",36820,22045
"Ottumwa, IA Micro Area; Iowa",36900,35265
"Pella, IA Micro Area; Iowa",37800,33551
"Sioux City, IA-NE-SD Metro Area (part); Iowa",43580,105760
"Spencer, IA Micro Area; Iowa",43980,16446
"Spirit Lake, IA Micro Area; Iowa",44020,17844
"Storm Lake, IA Micro Area; Iowa",44740,20684
"Waterloo-Cedar Falls, IA Metro Area; Iowa",47940,168163
"Arkansas City-Winfield, KS Micro Area; Kansas",11680,34487
"Atchison, KS Micro Area; Kansas",11860,16211
"Dodge City, KS Micro Area; Kansas",19980,34133
"Emporia, KS Micro Area; Kansas",21380,34724
"Garden City, KS Micro Area; Kansas",23780,38001
"Great Bend, KS Micro Area; Kansas",24460,25275
"Hays, KS Micro Area; Kansas",25700,28870
"Hutchinson, KS Micro Area; Kansas",26740,61693
"Joplin, MO-KS Metro Area (part); Kansas",27900,19236
"Kansas City, MO-KS Metro Area (part); Kansas",28140,908882
"Lawrence, KS Metro Area; Kansas",29940,119547
"Liberal, KS Micro Area; Kansas",30580,21640
"Manhattan, KS Metro Area; Kansas",31740,133413
"McPherson, KS Micro Area; Kansas",32700,30130
"Ottawa, KS Micro Area; Kansas",36840,25994
"Pittsburg, KS Micro Area; Kansas",38260,38963
"St. Joseph, MO-KS Metro Area (part); Kansas",41140,7492
"Salina, KS Micro Area; Kansas",41460,59583
"Topeka, KS Metro Area; Kansas",45820,232724
"Wichita, KS Metro Area; Kansas",48620,648935
"Bowling Green, KY Metro Area; Kentucky",14540,183194
"Campbellsville, KY Micro Area; Kentucky",15820,37483
"Cincinnati, OH-KY-IN Metro Area (part); Kentucky",17140,457783
"Clarksville, TN-KY Metro Area (part); Kentucky",17300,86810
"Corbin, KY Micro Area; Kentucky",18340,149625
"Danville, KY Micro Area; Kentucky",19220,55123
"Elizabethtown, KY Metro Area; Kentucky",21060,126480
"Frankfort, KY Micro Area; Kentucky",23180,75661
"Franklin, KY Micro Area; Kentucky",23190,19786
"Glasgow, KY Micro Area; Kentucky",23980,55042
"Henderson, KY Micro Area; Kentucky",25775,57366
"Huntington-Ashland, WV-KY-OH Metro Area (part); Kentucky",26580,126368
"Lexington-Fayette, KY Metro Area; Kentucky",30460,517378
"Louisville/Jefferson County, KY-IN Metro Area (part); Kentucky",31140,1090583
"Madisonville, KY Micro Area; Kentucky",31580,45143
"Mayfield, KY Micro Area; Kentucky",32460,36612
"Middlesborough, KY Micro Area; Kentucky",33180,23878
"Mount Sterling, KY Micro Area; Kentucky",34460,47286
"Murray, KY Micro Area; Kentucky",34660,37882
"Owensboro, KY Metro Area; Kentucky",36980,112322
"Paducah, KY-IL Metro Area (part); Kentucky",37140,88966
"Pikeville, KY Micro Area; Kentucky",38210,92808
"Richmond-Berea, KY Micro Area; Kentucky",40080,124287
"Somerset, KY Micro Area; Kentucky",43700,65503
"Alexandria, LA Metro Area; Louisiana",10780,150593
"Baton Rouge, LA Metro Area; Louisiana",12940,871379
"Bogalusa, LA Micro Area; Louisiana",14220,45238
"DeRidder, LA Micro Area; Louisiana",19760,36646
"Hammond, LA Metro Area; Louisiana",25220,135218
"Houma-Bayou Cane-Thibodaux, LA Metro Area; Louisiana",26380,204032
"Lafayette, LA Metro Area; Louisiana",29180,410883
"Lake Charles, LA Metro Area; Louisiana",29340,245973
"Minden, LA Micro Area; Louisiana",33380,36189
"Monroe, LA Metro Area; Louisiana",33740,224705
"Morgan City, LA Micro Area; Louisiana",34020,48455
"Natchez, MS-LA Micro Area (part); Louisiana",35020,18325
"Natchitoches, LA Micro Area; Louisiana",35060,37047
"New Iberia, LA Micro Area; Louisiana",35340,69194
"New Orleans-Metairie, LA Metro Area; Louisiana",35380,988763
"Opelousas, LA Micro Area; Louisiana",36660,82128
"Ruston, LA Micro Area; Louisiana",40820,48160
"Shreveport-Bossier City, LA Metro Area; Louisiana",43340,389004
"Slidell-Mandeville-Covington, LA Metro Area; Louisiana",43640,269331
"Augusta-Waterville, ME Micro Area; Maine",12300,125614
"Bangor, ME Metro Area; Maine",12620,153571
"Lewiston-Auburn, ME Metro Area; Maine",30340,112323
"Portland-South Portland, ME Metro Area; Maine",38860,557764
"Baltimore-Columbia-Towson, MD Metro Area; Maryland",12580,2839409
"Cambridge, MD Micro Area; Maryland",15700,32612
"Cumberland, MD-WV Micro Area (part); Maryland",19060,67762
"Easton, MD Micro Area; Maryland",20660,37707
"Hagerstown-Martinsburg, MD-WV Metro Area (part); Maryland",25180,155033
"Lexington Park, MD Metro Area; Maryland",30500,208163
"Ocean Pines, MD Micro Area; Maryland",36180,53279
"Philadelphia-Camden-Wilmington, PA-NJ-DE-MD Metro Area (part); Maryland",37980,104366
"Salisbury, MD Metro Area; Maryland",41540,128802
"Washington-Arlington-Alexandria, DC-VA-MD-WV Metro Area (part); Maryland",47900,2462221
"Amherst Town-Northampton, MA Metro Area; Massachusetts",11200,156595
"Barnstable Town, MA Metro Area; Massachusetts",12700,230073
"Boston-Cambridge-Newton, MA-NH Metro Area (part); Massachusetts",14460,4468755
"Greenfield, MA Micro Area; Massachusetts",24640,70922
"Nantucket, MA Micro Area; Massachusetts",34880,14299
"Pittsfield, MA Metro Area; Massachusetts",38340,128047
"Providence-Warwick, RI-MA Metro Area (part); Massachusetts",39300,578436
"Springfield, MA Metro Area; Massachusetts",44140,462853
"Vineyard Haven, MA Micro Area; Massachusetts",47240,20751
"Worcester, MA Metro Area; Massachusetts",49340,861664
"Adrian, MI Micro Area; Michigan",10300,98823
"Alma, MI Micro Area; Michigan",10940,41478
"Alpena, MI Micro Area; Michigan",10980,28908
"Ann Arbor, MI Metro Area; Michigan",11460,368394
"Battle Creek, MI Metro Area; Michigan",12980,133846
"Bay City, MI Metro Area; Michigan",13020,103235
"Big Rapids, MI Micro Area; Michigan",13660,40321
"Cadillac, MI Micro Area; Michigan",15620,49024
"Coldwater, MI Micro Area; Michigan",17740,44914
"Detroit-Warren-Dearborn, MI Metro Area; Michigan",19820,4367620
"Escanaba, MI Micro Area; Michigan",21540,36829
"Flint, MI Metro Area; Michigan",22420,404087
"Grand Rapids-Wyoming-Kentwood, MI Metro Area; Michigan",24340,1154320
"Hillsdale, MI Micro Area; Michigan",25880,45658
"Holland, MI Micro Area; Michigan",26090,120913
"Houghton, MI Micro Area; Michigan",26340,39534
"Iron Mountain, MI-WI Micro Area (part); Michigan",27020,25940
"Jackson, MI Metro Area; Michigan",27100,160187
"Kalamazoo-Portage, MI Metro Area; Michigan",28020,261437
"Lansing-East Lansing, MI Metro Area; Michigan",29620,470434
"Ludington, MI Micro Area; Michigan",31220,29177
"Marinette, WI-MI Micro Area (part); Michigan",31940,23295
"Marquette, MI Micro Area; Michigan",32100,66430
"Midland, MI Metro Area; Michigan",33220,83641
"Monroe, MI Metro Area; Michigan",33780,155001
"Mount Pleasant, MI Micro Area; Michigan",34380,64475
"Muskegon-Norton Shores, MI Metro Area; Michigan",34740,175378
"Niles, MI Metro Area; Michigan",35660,153411
"Owosso, MI Micro Area; Michigan",37020,68061
"Petoskey, MI Micro Area; Michigan",37950,34159
"Saginaw, MI Metro Area; Michigan",40980,189210
"Sault Ste. Marie, MI Micro Area; Michigan",42300,36448
"South Bend-Mishawaka, IN-MI Metro Area (part); Michigan",43780,51606
"Sturgis, MI Micro Area; Michigan",44780,60870
"Traverse City, MI Metro Area; Michigan",45900,154657
"Albert Lea, MN Micro Area; Minnesota",10660,30752
"Alexandria, MN Micro Area; Minnesota",10820,39354
"Austin, MN Micro Area; Minnesota",12380,40069
"Bemidji, MN Micro Area; Minnesota",13420,46421
"Brainerd, MN Micro Area; Minnesota",14660,97801
"Detroit Lakes, MN Micro Area; Minnesota",19810,35260
"Duluth, MN-WI Metro Area (part); Minnesota",20260,236513
"Fairmont, MN Micro Area; Minnesota",21860,19864
"Fargo, ND-MN Metro Area (part); Minnesota",22020,65628
"Faribault-Northfield, MN Micro Area; Minnesota",22060,67389
"Fergus Falls, MN Micro Area; Minnesota",22260,60281
"Grand Forks, ND-MN Metro Area (part); Minnesota",24220,30905
"Grand Rapids, MN Micro Area; Minnesota",24330,45141
"Hutchinson, MN Micro Area; Minnesota",26780,36771
"La Crosse-Onalaska, WI-MN Metro Area (part); Minnesota",29100,18768
"Mankato, MN Metro Area; Minnesota",31860,103736
"Marshall, MN Micro Area; Minnesota",32140,25498
"Minneapolis-St. Paul-Bloomington, MN-WI Metro Area (part); Minnesota",33460,3556181
"New Ulm, MN Micro Area; Minnesota",35580,25826
"Owatonna, MN Micro Area; Minnesota",36940,37413
"Red Wing, MN Micro Area; Minnesota",39860,47844
"Rochester, MN Metro Area; Minnesota",40340,227252
"St. Cloud, MN Metro Area; Minnesota",41060,200816
"Sioux Falls, SD-MN Metro Area (part); Minnesota",43620,9628
"Wahpeton, ND-MN Micro Area (part); Minnesota",47420,6413
"Willmar, MN Micro Area; Minnesota",48820,43757
"Winona, MN Micro Area; Minnesota",49100,49705
"Worthington, MN Micro Area; Minnesota",49380,22067
"Brookhaven, MS Micro Area; Mississippi",15020,34830
"Clarksdale, MS Micro Area; Mississippi",17260,20808
"Cleveland, MS Micro Area; Mississippi",17380,30163
"Columbus, MS Micro Area; Mississippi",18060,68323
"Corinth, MS Micro Area; Mississippi",18420,34500
"Greenville, MS Micro Area; Mississippi",24740,43674
"Greenwood, MS Micro Area; Mississippi",24900,37260
"Grenada, MS Micro Area; Mississippi",24980,31050
"Gulfport-Biloxi, MS Metro Area; Mississippi",25060,418452
"Hattiesburg, MS Metro Area; Mississippi",25620,154567
"Jackson, MS Metro Area; Mississippi",27140,615908
"Laurel, MS Micro Area; Mississippi",29860,83050
"McComb, MS Micro Area; Mississippi",32620,53794
"Memphis, TN-MS-AR Metro Area (part); Mississippi",32820,267810
"Meridian, MS Micro Area; Mississippi",32940,87408
"Natchez, MS-LA Micro Area (part); Mississippi",35020,36225
"Oxford, MS Micro Area; Mississippi",37060,69359
"Picayune, MS Micro Area; Mississippi",38100,56781
"Starkville, MS Micro Area; Mississippi",44260,61415
"Tupelo, MS Micro Area; Mississippi",46180,132079
"Vicksburg, MS Micro Area; Mississippi",46980,43623
"Branson, MO Micro Area; Missouri",14700,56382
"Cape Girardeau, MO-IL Metro Area (part); Missouri",16020,92771
"Columbia, MO Metro Area; Missouri",17860,212850
"Farmington, MO Micro Area; Missouri",22100,66864
"Fort Leonard Wood, MO Micro Area; Missouri",22780,53850
"Hannibal, MO Micro Area; Missouri",25300,38887
"Jefferson City, MO Metro Area; Missouri",27620,150147
"Joplin, MO-KS Metro Area (part); Missouri",27900,183022
"Kansas City, MO-KS Metro Area (part); Missouri",28140,1293124
"Kennett, MO Micro Area; Missouri",28380,27795
"Kirksville, MO Micro Area; Missouri",28860,29268
"Lebanon, MO Micro Area; Missouri",30060,36245
"Marshall, MO Micro Area; Missouri",32180,23177
"Maryville, MO Micro Area; Missouri",32340,20959
"Mexico, MO Micro Area; Missouri",33020,24688
"Moberly, MO Micro Area; Missouri",33620,24524
"Poplar Bluff, MO Micro Area; Missouri",38740,42166
"Quincy, IL-MO Micro Area (part); Missouri",39500,9945
"Rolla, MO Micro Area; Missouri",40620,44948
"St. Joseph, MO-KS Metro Area (part); Missouri",41140,113117
"St. Louis, MO-IL Metro Area (part); Missouri",41180,2131203
"Sedalia, MO Micro Area; Missouri",42740,43205
"Sikeston, MO Micro Area; Missouri",43460,50046
"Springfield, MO Metro Area; Missouri",44180,481671
"Warrensburg, MO Micro Area; Missouri",47660,54331
"West Plains, MO Micro Area; Missouri",48460,40168
"Billings, MT Metro Area; Montana",13740,187269
"Bozeman, MT Metro Area; Montana",14580,122194
"Butte-Silver Bow, MT Micro Area; Montana",15580,35589
"Great Falls, MT Metro Area; Montana",24500,84601
"Helena, MT Metro Area; Montana",25740,92391
"Kalispell, MT Micro Area; Montana",28060,108445
"Missoula, MT Metro Area; Montana",33540,124435
"Beatrice, NE Micro Area; Nebraska",13100,21646
"Columbus, NE Micro Area; Nebraska",18100,44899
"Fremont, NE Micro Area; Nebraska",23340,37146
"Grand Island, NE Metro Area; Nebraska",24260,76619
"Hastings, NE Micro Area; Nebraska",25580,40503
"Kearney, NE Micro Area; Nebraska",28260,57020
"Lexington, NE Micro Area; Nebraska",30420,25949
"Lincoln, NE Metro Area; Nebraska",30700,341309
"Norfolk, NE Micro Area; Nebraska",35740,48682
"North Platte, NE Micro Area; Nebraska",35820,34934
"Omaha, NE-IA Metro Area (part); Nebraska",36540,850225
"Scottsbluff, NE Micro Area; Nebraska",42420,36594
"Sioux City, IA-NE-SD Metro Area (part); Nebraska",43580,21331
"Carson City, NV Metro Area; Nevada",16180,58364
"Elko, NV Micro Area; Nevada",21220,55512
"Fallon, NV Micro Area; Nevada",21980,25614
"Gardnerville Ranchos, NV-CA Micro Area (part); Nevada",23820,49624
"Las Vegas-Henderson-North Las Vegas, NV Metro Area; Nevada",29820,2293764
"Pahrump, NV Micro Area; Nevada",37220,53207
"Reno, NV Metro Area; Nevada",39900,556539
"Winnemucca, NV Micro Area; Nevada",49080,17299
"Boston-Cambridge-Newton, MA-NH Metro Area (part); New Hampshire",14460,448906
"Concord, NH Micro Area; New Hampshire",18180,155018
"Keene, NH Micro Area; New Hampshire",28300,76945
"Laconia, NH Micro Area; New Hampshire",29060,64300
"Lebanon-Claremont, NH-VT Micro Area (part); New Hampshire",30150,135288
"Manchester-Nashua, NH Metro Area; New Hampshire",31700,424732
"Allentown-Bethlehem-Easton, PA-NJ Metro Area (part); New Jersey",10900,110238
"Atlantic City-Hammonton, NJ Metro Area; New Jersey",12100,369940
"New York-Newark-Jersey City, NY-NJ Metro Area (part); New Jersey",35620,6892890
"Philadelphia-Camden-Wilmington, PA-NJ-DE-MD Metro Area (part); New Jersey",37980,1357745
"Trenton-Princeton, NJ Metro Area; New Jersey",45940,383286
"Vineland, NJ Metro Area; New Jersey",47220,152915
"Alamogordo, NM Micro Area; New Mexico",10460,68235
"Albuquerque, NM Metro Area; New Mexico",10740,918567
"Carlsbad-Artesia, NM Micro Area; New Mexico",16100,61114
"Clovis, NM Micro Area; New Mexico",17580,66934
"Deming, NM Micro Area; New Mexico",19700,25420
"Española, NM Micro Area; New Mexico",21580,40165
"Farmington, NM Metro Area; New Mexico",22140,121178
"Gallup, NM Micro Area; New Mexico",23700,71172
"Hobbs, NM Micro Area; New Mexico",26020,73154
"Las Cruces, NM Metro Area; New Mexico",29740,221665
"Las Vegas, NM Micro Area; New Mexico",29780,31212
"Los Alamos, NM Micro Area; New Mexico",31060,19374
"Roswell, NM Micro Area; New Mexico",40740,64446
"Ruidoso, NM Micro Area; New Mexico",40760,20227
"Santa Fe, NM Metro Area; New Mexico",42140,155175
"Silver City, NM Micro Area; New Mexico",43500,27856
"Taos, NM Micro Area; New Mexico",45340,34516
"Albany-Schenectady-Troy, NY Metro Area; New York",10580,902372
"Amsterdam, NY Micro Area; New York",11220,49461
"Auburn, NY Micro Area; New York",12180,75464
"Batavia, NY Micro Area; New York",12860,57943
"Binghamton, NY Metro Area; New York",13780,245844
"Buffalo-Cheektowaga, NY Metro Area; New York",15380,1161385
"Corning, NY Micro Area; New York",18500,93034
"Cortland, NY Micro Area; New York",18660,46401
"Elmira, NY Metro Area; New York",21300,82805
"Glens Falls, NY Metro Area; New York",24020,126443
"Gloversville, NY Micro Area; New York",24100,52787
"Hudson, NY Micro Area; New York",26460,61245
"Ithaca, NY Metro Area; New York",27060,102879
"Jamestown-Dunkirk, NY Micro Area; New York",27460,126329
"Kingston, NY Metro Area; New York",28740,182109
"Kiryas Joel-Poughkeepsie-Newburgh, NY Metro Area; New York",28880,700984
"Massena-Ogdensburg, NY Micro Area; New York",32390,107796
"Monticello, NY Micro Area; New York",33910,79147
"New York-Newark-Jersey City, NY-NJ Metro Area (part); New York",35620,12863832
"Olean, NY Micro Area; New York",36460,76479
"Oneonta, NY Micro Area; New York",36580,59738
"Plattsburgh, NY Micro Area; New York",38460,78961
"Rochester, NY Metro Area; New York",40380,1058875
"Seneca Falls, NY Micro Area; New York",42900,33125
"Syracuse, NY Metro Area; New York",45060,657128
"Utica-Rome, NY Metro Area; New York",46540,289577
"Watertown-Fort Drum, NY Metro Area; New York",48060,116130
"Albemarle, NC Micro Area; North Carolina",10620,63557
"Anderson Creek, NC Micro Area; North Carolina",11360,136503
"Asheville, NC Metro Area; North Carolina",11700,410817
"Boone, NC Micro Area; North Carolina",14380,54607
"Brevard, NC Micro Area; North Carolina",14820,33243
"Burlington, NC Metro Area; North Carolina",15500,174286
"Charlotte-Concord-Gastonia, NC-SC Metro Area (part); North Carolina",16740,2291177
"Durham-Chapel Hill, NC Metro Area; North Carolina",20500,594291
"Elizabeth City, NC Micro Area; North Carolina",21020,40830
"Fayetteville, NC Metro Area; North Carolina",22180,389851
"Forest City, NC Micro Area; North Carolina",22580,64850
"Goldsboro, NC Metro Area; North Carolina",24140,117606
"Greensboro-High Point, NC Metro Area; North Carolina",24660,779894
"Greenville, NC Metro Area; North Carolina",24780,172279
"Henderson, NC Micro Area; North Carolina",25780,42361
"Hickory-Lenoir-Morganton, NC Metro Area; North Carolina",25860,366972
"Jacksonville, NC Metro Area; North Carolina",27340,208537
"Kill Devil Hills, NC Micro Area; North Carolina",28620,37534
"Kinston, NC Micro Area; North Carolina",28820,54917
"Laurinburg, NC Micro Area; North Carolina",29900,34353
"Lumberton, NC Micro Area; North Carolina",31300,116858
"Marion, NC Micro Area; North Carolina",32000,44679
"Morehead City, NC Micro Area; North Carolina",33980,68652
"Mount Airy, NC Micro Area; North Carolina",34340,71407
"New Bern, NC Micro Area; North Carolina",35100,122634
"North Wilkesboro, NC Micro Area; North Carolina",35900,65983
"Pinehurst-Southern Pines, NC Metro Area; North Carolina",38240,102840
"Raleigh-Cary, NC Metro Area; North Carolina",39580,1449594
"Roanoke Rapids, NC Micro Area; North Carolina",40260,65431
"Rockingham, NC Micro Area; North Carolina",40460,42818
"Rocky Mount, NC Metro Area; North Carolina",40580,144228
"Sanford, NC Micro Area; North Carolina",41820,64565
"Shelby-Kings Mountain, NC Micro Area; North Carolina",43140,100170
"Virginia Beach-Chesapeake-Norfolk, VA-NC Metro Area (part); North Carolina",47260,50792
"Washington, NC Micro Area; North Carolina",47820,44597
"Waynesville, NC Micro Area; North Carolina",48200,62432
"Wilmington, NC Metro Area; North Carolina",48900,440578
"Wilson, NC Micro Area; North Carolina",48980,78648
"Winston-Salem, NC Metro Area; North Carolina",49180,683637
"Bismarck, ND Metro Area; North Dakota",13900,134286
"Dickinson, ND Micro Area; North Dakota",19860,38107
"Fargo, ND-MN Metro Area (part); North Dakota",22020,189286
"Grand Forks, ND-MN Metro Area (part); North Dakota",24220,72764
"Jamestown, ND Micro Area; North Dakota",27420,21525
"Minot, ND Metro Area; North Dakota",33500,76773
"Wahpeton, ND-MN Micro Area (part); North Dakota",47420,16550
"Williston, ND Micro Area; North Dakota",48780,39368
"Akron, OH Metro Area; Ohio",10420,699508
"Ashland, OH Micro Area; Ohio",11740,52296
"Athens, OH Micro Area; Ohio",11900,61573
"Bellefontaine, OH Micro Area; Ohio",13340,46140
"Bucyrus, OH Micro Area; Ohio",15340,41767
"Cambridge, OH Micro Area; Ohio",15740,38283
"Canton-Massillon, OH Metro Area; Ohio",15940,400495
"Celina, OH Micro Area; Ohio",16380,42438
"Chillicothe, OH Micro Area; Ohio",17060,76748
"Cincinnati, OH-KY-IN Metro Area (part); Ohio",17140,1717724
"Cleveland, OH Metro Area; Ohio",17410,2171978
"Columbus, OH Metro Area; Ohio",18140,2151847
"Coshocton, OH Micro Area; Ohio",18740,36679
"Dayton-Kettering-Beavercreek, OH Metro Area; Ohio",19430,813608
"Defiance, OH Micro Area; Ohio",19580,38258
"Findlay, OH Micro Area; Ohio",22300,74885
"Fremont, OH Micro Area; Ohio",23380,58770
"Gallipolis, OH Micro Area; Ohio",23680,29162
"Greenville, OH Micro Area; Ohio",24820,51655
"Huntington-Ashland, WV-KY-OH Metro Area (part); Ohio",26580,57385
"Lima, OH Metro Area; Ohio",30620,101685
"Mansfield, OH Metro Area; Ohio",31900,125138
"Marietta, OH Micro Area; Ohio",31930,59318
"Marion, OH Micro Area; Ohio",32020,65145
"Mount Vernon, OH Micro Area; Ohio",34540,62888
"New Philadelphia-Dover, OH Micro Area; Ohio",35420,92585
"Norwalk, OH Micro Area; Ohio",35940,58412
"Portsmouth, OH Micro Area; Ohio",39020,73118
"Salem, OH Micro Area; Ohio",41400,101203
"Sandusky, OH Metro Area; Ohio",41780,115099
"Sidney, OH Micro Area; Ohio",43380,48007
"Springfield, OH Metro Area; Ohio",44220,135445
"Tiffin, OH Micro Area; Ohio",45660,54861
"Toledo, OH Metro Area; Ohio",45780,602977
"Urbana, OH Micro Area; Ohio",46500,38772
"Van Wert, OH Micro Area; Ohio",46780,28824
"Wapakoneta, OH Micro Area; Ohio",47540,46209
"Washington Court House, OH Micro Area; Ohio",47920,28880
"Weirton-Steubenville, WV-OH Metro Area (part); Ohio",48260,64855
"Wheeling, WV-OH Metro Area (part); Ohio",48540,65982
"Wilmington, OH Micro Area; Ohio",48940,42014
"Wooster, OH Micro Area; Ohio",49300,116618
"Youngstown-Warren, OH Metro Area; Ohio",49660,428430
"Zanesville, OH Micro Area; Ohio",49780,86382
"Ada, OK Micro Area; Oklahoma",10220,38158
"Altus, OK Micro Area; Oklahoma",11060,24730
"Ardmore, OK Micro Area; Oklahoma",11620,48255
"Bartlesville, OK Micro Area; Oklahoma",12780,52895
"Duncan, OK Micro Area; Oklahoma",20340,43314
"Durant, OK Micro Area; Oklahoma",20460,47237
"Elk City, OK Micro Area; Oklahoma",21120,22202
"Enid, OK Metro Area; Oklahoma",21420,62322
"Fort Smith, AR-OK Metro Area (part); Oklahoma",22900,39676
"Guymon, OK Micro Area; Oklahoma",25100,20880
"Lawton, OK Metro Area; Oklahoma",30020,127174
"McAlester, OK Micro Area; Oklahoma",32540,43629
"Miami, OK Micro Area; Oklahoma",33060,30360
"Muskogee, OK Micro Area; Oklahoma",34780,66471
"Oklahoma City, OK Metro Area; Oklahoma",36420,1445122
"Ponca City, OK Micro Area; Oklahoma",38620,43731
"Shawnee, OK Micro Area; Oklahoma",43060,73011
"Stillwater, OK Micro Area; Oklahoma",44660,82290
"Tahlequah, OK Micro Area; Oklahoma",45140,47621
"Tulsa, OK Metro Area; Oklahoma",46140,1026209
"Weatherford, OK Micro Area; Oklahoma",48220,39189
"Woodward, OK Micro Area; Oklahoma",49260,20260
"Albany, OR Metro Area; Oregon",10540,129794
"Astoria, OR Micro Area; Oregon",11820,41343
"Baker City, OR Micro Area; Oregon",12520,16796
"Bend, OR Metro Area; Oregon",13460,253650
"Brookings, OR Micro Area; Oregon",15060,23463
"Coos Bay-North Bend, OR Micro Area; Oregon",18300,64832
"Corvallis, OR Metro Area; Oregon",18700,96359
"Eugene-Springfield, OR Metro Area; Oregon",21660,382628
"Grants Pass, OR Metro Area; Oregon",24420,88069
"Hermiston-Pendleton, OR Micro Area; Oregon",25840,92336
"Hood River, OR Micro Area; Oregon",26220,23958
"Klamath Falls, OR Micro Area; Oregon",28900,69812
"La Grande, OR Micro Area; Oregon",29260,26192
"Medford, OR Metro Area; Oregon",32780,222563
"Newport, OR Micro Area; Oregon",35440,50632
"Ontario, OR-ID Micro Area (part); Oregon",36620,31701
"Portland-Vancouver-Hillsboro, OR-WA Metro Area (part); Oregon",38900,1987737
"Roseburg, OR Micro Area; Oregon",40700,111807
"Salem, OR Metro Area; Oregon",41420,435085
"The Dalles, OR Micro Area; Oregon",45520,26603
"Allentown-Bethlehem-Easton, PA-NJ Metro Area (part); Pennsylvania",10900,756526
"Altoona, PA Metro Area; Pennsylvania",11020,121854
"Bloomsburg-Berwick, PA Micro Area; Pennsylvania",14100,65055
"Bradford, PA Micro Area; Pennsylvania",14620,40149
"Chambersburg, PA Metro Area; Pennsylvania",16540,156626
"DuBois, PA Micro Area; Pennsylvania",20180,78902
"East Stroudsburg, PA Micro Area; Pennsylvania",20700,167784
"Erie, PA Metro Area; Pennsylvania",21500,269544
"Gettysburg, PA Metro Area; Pennsylvania",23900,105183
"Harrisburg-Carlisle, PA Metro Area; Pennsylvania",25420,597894
"Hemlock Farms, PA Micro Area; Pennsylvania",25770,59691
"Hermitage, PA Micro Area; Pennsylvania",25850,109852
"Huntingdon, PA Micro Area; Pennsylvania",26500,43844
"Indiana, PA Micro Area; Pennsylvania",26860,83213
"Johnstown, PA Metro Area; Pennsylvania",27780,132355
"Lancaster, PA Metro Area; Pennsylvania",29540,555151
"Lebanon, PA Metro Area; Pennsylvania",30140,143592
"Lewisburg, PA Micro Area; Pennsylvania",30260,42570
"Lewistown, PA Micro Area; Pennsylvania",30380,46074
"Lock Haven, PA Micro Area; Pennsylvania",30820,37707
"Meadville, PA Micro Area; Pennsylvania",32740,83189
"Oil City, PA Micro Area; Pennsylvania",36340,50096
"Philadelphia-Camden-Wilmington, PA-NJ-DE-MD Metro Area (part); Pennsylvania",37980,4206741
"Pittsburgh, PA Metro Area; Pennsylvania",38300,2443921
"Pottsville, PA Micro Area; Pennsylvania",39060,143259
"Reading, PA Metro Area; Pennsylvania",39740,429989
"St. Marys, PA Micro Area; Pennsylvania",41260,30703
"Sayre, PA Micro Area; Pennsylvania",42380,59971
"Scranton--Wilkes-Barre, PA Metro Area; Pennsylvania",42540,567887
"Selinsgrove, PA Micro Area; Pennsylvania",42780,39711
"Somerset, PA Micro Area; Pennsylvania",43740,73255
"State College, PA Metro Area; Pennsylvania",44300,158041
"Sunbury, PA Micro Area; Pennsylvania",44980,109004
"Warren, PA Micro Area; Pennsylvania",47620,38174
"Williamsport, PA Metro Area; Pennsylvania",48700,113570
"York-Hanover, PA Metro Area; Pennsylvania",49620,459312
"Providence-Warwick, RI-MA Metro Area (part); Rhode Island",39300,1095371
"Augusta-Richmond County, GA-SC Metro Area (part); South Carolina",12260,198457
"Charleston-North Charleston, SC Metro Area; South Carolina",16700,817756
"Charlotte-Concord-Gastonia, NC-SC Metro Area (part); South Carolina",16740,421641
"Columbia, SC Metro Area; South Carolina",17900,839868
"Florence, SC Metro Area; South Carolina",22500,199675
"Gaffney, SC Micro Area; South Carolina",23500,56299
"Greenville-Anderson-Greer, SC Metro Area; South Carolina",24860,945301
"Greenwood, SC Micro Area; South Carolina",24940,93681
"Hilton Head Island-Bluffton-Port Royal, SC Metro Area; South Carolina",25940,222781
"Murrells Inlet, SC Micro Area; South Carolina",34680,64200
"Myrtle Beach-Conway-North Myrtle Beach, SC Metro Area; South Carolina",34820,368937
"Newberry, SC Micro Area; South Carolina",35140,38121
"Orangeburg, SC Micro Area; South Carolina",36700,83531
"Seneca, SC Micro Area; South Carolina",42860,79566
"Spartanburg, SC Metro Area; South Carolina",43900,365086
"Sumter, SC Metro Area; South Carolina",44940,104853
"Aberdeen, SD Micro Area; South Dakota",10100,42112
"Brookings, SD Micro Area; South Dakota",15100,34968
"Huron, SD Micro Area; South Dakota",26700,19279
"Mitchell, SD Micro Area; South Dakota",33580,25779
"Pierre, SD Micro Area; South Dakota",38180,20744
"Rapid City, SD Metro Area; South Dakota",39660,151064
"Sioux City, IA-NE-SD Metro Area (part); South Dakota",43580,16916
"Sioux Falls, SD-MN Metro Area (part); South Dakota",43620,283479
"Spearfish, SD Micro Area; South Dakota",43940,26574
"Vermillion, SD Micro Area; South Dakota",46820,15133
"Watertown, SD Micro Area; South Dakota",47980,28556
"Yankton, SD Micro Area; South Dakota",49460,23379
"Athens, TN Micro Area; Tennessee",11940,67211
"Chattanooga, TN-GA Metro Area (part); Tennessee",16860,416332
"Clarksville, TN-KY Metro Area (part); Tennessee",17300,241816
"Cleveland, TN Metro Area; Tennessee",17420,127445
"Cookeville, TN Micro Area; Tennessee",18260,143819
"Crossville, TN Micro Area; Tennessee",18900,62529
"Dyersburg, TN Micro Area; Tennessee",20540,36681
"Fayetteville, TN Micro Area; Tennessee",22190,35617
"Greeneville, TN Micro Area; Tennessee",24620,70919
"Jackson, TN Metro Area; Tennessee",27180,180844
"Johnson City, TN Metro Area; Tennessee",27740,208934
"Kingsport-Bristol, TN-VA Metro Area (part); Tennessee",28700,217139
"Knoxville, TN Metro Area; Tennessee",28940,919553
"Lawrenceburg, TN Micro Area; Tennessee",29980,44901
"Lewisburg, TN Micro Area; Tennessee",30280,35276
"Martin, TN Micro Area; Tennessee",32280,32959
"McMinnville, TN Micro Area; Tennessee",32660,41587
"Memphis, TN-MS-AR Metro Area (part); Tennessee",32820,1026187
"Morristown, TN Metro Area; Tennessee",34100,120765
"Nashville-Davidson--Murfreesboro--Franklin, TN Metro Area; Tennessee",34980,2043713
"Newport, TN Micro Area; Tennessee",35460,36503
"Paris, TN Micro Area; Tennessee",37540,32345
"Sevierville, TN Micro Area; Tennessee",42940,98802
"Shelbyville, TN Micro Area; Tennessee",43180,51291
"Tullahoma-Manchester, TN Micro Area; Tennessee",46100,65551
"Union City, TN Micro Area; Tennessee",46460,30570
"Winchester, TN Micro Area; Tennessee",49010,43478
"Abilene, TX Metro Area; Texas",10180,178244
"Alice, TX Micro Area; Texas",10860,45850
"Amarillo, TX Metro Area; Texas",11100,270207
"Andrews, TX Micro Area; Texas",11380,18518
"Athens, TX Micro Area; Texas",11980,83658
"Austin-Round Rock-San Marcos, TX Metro Area; Texas",12420,2357497
"Bay City, TX Micro Area; Texas",13060,36274
"Beaumont-Port Arthur, TX Metro Area; Texas",13140,396058
"Beeville, TX Micro Area; Texas",13300,31000
"Big Spring, TX Micro Area; Texas",13700,33127
"Bonham, TX Micro Area; Texas",14300,36525
"Borger, TX Micro Area; Texas",14420,20413
"Brenham, TX Micro Area; Texas",14780,36156
"Brownsville-Harlingen, TX Metro Area; Texas",15180,423192
"Brownwood, TX Micro Area; Texas",15220,38294
"College Station-Bryan, TX Metro Area; Texas",17780,273280
"Corpus Christi, TX Metro Area; Texas",18580,446797
"Corsicana, TX Micro Area; Texas",18620,53735
"Dallas-Fort Worth-Arlington, TX Metro Area; Texas",19100,7807555
"Del Rio, TX Micro Area; Texas",19620,47647
"Dumas, TX Micro Area; Texas",20300,21234
"Eagle Pass, TX Metro Area; Texas",20580,57770
"El Campo, TX Micro Area; Texas",20900,41651
"El Paso, TX Metro Area; Texas",21340,869606
"Fredericksburg, TX Micro Area; Texas",23240,27202
"Gainesville, TX Micro Area; Texas",23620,42473
"Granbury, TX Micro Area; Texas",24180,64198
"Hereford, TX Micro Area; Texas",25820,18487
"Houston-Pasadena-The Woodlands, TX Metro Area; Texas",26420,7274714
"Huntsville, TX Micro Area; Texas",26660,78292
"Jacksonville, TX Micro Area; Texas",27380,51143
"Kerrville, TX Micro Area; Texas",28500,53166
"Killeen-Temple, TX Metro Area; Texas",28660,485850
"Kingsville, TX Micro Area; Texas",28780,30629
"Laredo, TX Metro Area; Texas",29700,267731
"Longview, TX Metro Area; Texas",30980,288921
"Lubbock, TX Metro Area; Texas",31180,354782
"Lufkin, TX Micro Area; Texas",31260,86791
"McAllen-Edinburg-Mission, TX Metro Area; Texas",32580,880921
"Midland, TX Metro Area; Texas",33260,176726
"Mineral Wells, TX Micro Area; Texas",33420,28920
"Mount Pleasant, TX Micro Area; Texas",34420,55950
"Nacogdoches, TX Micro Area; Texas",34860,64897
"Odessa, TX Metro Area; Texas",36220,163206
"Palestine, TX Micro Area; Texas",37300,57825
"Pampa, TX Micro Area; Texas",37420,21916
"Paris, TX Micro Area; Texas",37580,62042
"Plainview, TX Micro Area; Texas",38380,37541
"Port Lavaca, TX Micro Area; Texas",38920,19921
"Raymondville, TX Micro Area; Texas",39700,20218
"Rio Grande City-Roma, TX Micro Area; Texas",40100,65809
"San Angelo, TX Metro Area; Texas",41660,120830
"San Antonio-New Braunfels, TX Metro Area; Texas",41700,2612802
"Sherman-Denison, TX Metro Area; Texas",43300,139988
"Snyder, TX Micro Area; Texas",43660,16633
"Stephenville, TX Micro Area; Texas",44500,43244
"Sulphur Springs, TX Micro Area; Texas",44860,37351
"Sweetwater, TX Micro Area; Texas",45020,14565
"Texarkana, TX-AR Metro Area (part); Texas",45500,92321
"Town of Pecos, TX Micro Area; Texas",45880,13219
"Tyler, TX Metro Area; Texas",46340,238014
"Uvalde, TX Micro Area; Texas",46620,24810
"Vernon, TX Micro Area; Texas",46900,12712
"Victoria, TX Metro Area; Texas",47020,98377
"Waco, TX Metro Area; Texas",47380,299217
"Wichita Falls, TX Metro Area; Texas",48660,148978
"Zapata, TX Micro Area; Texas",49820,13855
"Brigham City, UT-ID Micro Area (part); Utah",14940,59725
"Cedar City, UT Micro Area; Utah",16260,60201
"Evanston, WY-UT Micro Area (part); Utah",21740,2588
"Heber, UT Micro Area; Utah",25720,78517
"Logan, UT-ID Metro Area (part); Utah",30860,137031
"Ogden, UT Metro Area; Utah",36260,645510
"Price, UT Micro Area; Utah",39220,20446
"Provo-Orem-Lehi, UT Metro Area; Utah",39340,695895
"St. George, UT Metro Area; Utah",41100,189827
"Salt Lake City-Murray, UT Metro Area; Utah",41620,1261337
"Vernal, UT Micro Area; Utah",46860,36458
"Barre, VT Micro Area; Vermont",12740,59958
"Bennington, VT Micro Area; Vermont",13540,37312
"Brattleboro, VT Micro Area; Vermont",14710,45913
"Burlington-South Burlington, VT Metro Area; Vermont",15540,226603
"Lebanon-Claremont, NH-VT Micro Area (part); Vermont",30150,87562
"Rutland, VT Micro Area; Vermont",40860,60484
"Blacksburg-Christiansburg-Radford, VA Metro Area; Virginia",13980,181605
"Bluefield, WV-VA Micro Area (part); Virginia",14140,39933
"Charlottesville, VA Metro Area; Virginia",16820,222937
"Danville, VA Micro Area; Virginia",19260,102387
"Harrisonburg, VA Metro Area; Virginia",25500,136231
"Kingsport-Bristol, TN-VA Metro Area (part); Virginia",28700,92441
"Lake of the Woods, VA Micro Area; Virginia",29470,37208
"Lynchburg, VA Metro Area; Virginia",31340,262716
"Martinsville, VA Micro Area; Virginia",32300,63949
"Richmond, VA Metro Area; Virginia",40060,1327321
"Roanoke, VA Metro Area; Virginia",40220,314661
"Staunton-Stuarts Draft, VA Metro Area; Virginia",44420,126052
"Virginia Beach-Chesapeake-Norfolk, VA-NC Metro Area (part); Virginia",47260,1731798
"Washington-Arlington-Alexandria, DC-VA-MD-WV Metro Area (part); Virginia",47900,3070950
"Winchester, VA-WV Metro Area (part); Virginia",49020,121336
"Aberdeen, WA Micro Area; Washington",10140,76397
"Bellingham, WA Metro Area; Washington",13380,228432
"Bremerton-Silverdale-Port Orchard, WA Metro Area; Washington",14740,276581
"Centralia, WA Micro Area; Washington",16500,83925
"Ellensburg, WA Micro Area; Washington",21260,44736
"Kennewick-Richland, WA Metro Area; Washington",28420,307900
"Lewiston, ID-WA Metro Area (part); Washington",30300,22424
"Longview-Kelso, WA Metro Area; Washington",31020,111539
"Moses Lake, WA Micro Area; Washington",34180,100428
"Mount Vernon-Anacortes, WA Metro Area; Washington",34580,130407
"Oak Harbor, WA Micro Area; Washington",36020,86747
"Olympia-Lacey-Tumwater, WA Metro Area; Washington",36500,296640
"Othello, WA Micro Area; Washington",36830,20690
"Port Angeles, WA Micro Area; Washington",38820,77593
"Portland-Vancouver-Hillsboro, OR-WA Metro Area (part); Washington",38900,522792
"Port Townsend, WA Micro Area; Washington",39040,33313
"Pullman, WA Micro Area; Washington",39420,47042
"Seattle-Tacoma-Bellevue, WA Metro Area; Washington",42660,4021467
"Shelton, WA Micro Area; Washington",43220,66968
"Spokane-Spokane Valley, WA Metro Area; Washington",44060,591793
"Walla Walla, WA Metro Area; Washington",47460,62102
"Wenatchee-East Wenatchee, WA Metro Area; Washington",48300,123251
"Yakima, WA Metro Area; Washington",49420,256605
"Beckley, WV Metro Area; West Virginia",13220,113653
"Bluefield, WV-VA Micro Area (part); West Virginia",14140,59062
"Charleston, WV Metro Area; West Virginia",16620,207456
"Clarksburg, WV Micro Area; West Virginia",17220,89717
"Cumberland, MD-WV Micro Area (part); West Virginia",19060,26922
"Elkins, WV Micro Area; West Virginia",21180,27782
"Fairmont, WV Micro Area; West Virginia",21900,56042
"Hagerstown-Martinsburg, MD-WV Metro Area (part); West Virginia",25180,143492
"Huntington-Ashland, WV-KY-OH Metro Area (part); West Virginia",26580,189048
"Morgantown, WV Metro Area; West Virginia",34060,140724
"Parkersburg-Vienna, WV Metro Area; West Virginia",37620,88960
"Washington-Arlington-Alexandria, DC-VA-MD-WV Metro Area (part); West Virginia",47900,58546
"Weirton-Steubenville, WV-OH Metro Area (part); West Virginia",48260,50711
"Wheeling, WV-OH Metro Area (part); West Virginia",48540,72033
"Winchester, VA-WV Metro Area (part); West Virginia",49020,23340
"Appleton, WI Metro Area; Wisconsin",11540,244163
"Baraboo, WI Micro Area; Wisconsin",12660,65759
"Beaver Dam, WI Micro Area; Wisconsin",13180,88818
"Duluth, MN-WI Metro Area (part); Wisconsin",20260,44197
"Eau Claire, WI Metro Area; Wisconsin",20740,172886
"Fond du Lac, WI Metro Area; Wisconsin",22540,104053
"Green Bay, WI Metro Area; Wisconsin",24580,329375
"Iron Mountain, MI-WI Micro Area (part); Wisconsin",27020,4617
"Janesville-Beloit, WI Metro Area; Wisconsin",27500,163944
"Kenosha, WI Metro Area; Wisconsin",28450,168413
"La Crosse-Onalaska, WI-MN Metro Area (part); Wisconsin",29100,151177
"Madison, WI Metro Area; Wisconsin",31540,683967
"Manitowoc, WI Micro Area; Wisconsin",31820,81314
"Marinette, WI-MI Micro Area (part); Wisconsin",31940,41907
"Menomonie, WI Micro Area; Wisconsin",32860,45349
"Milwaukee-Waukesha, WI Metro Area; Wisconsin",33340,1566361
"Minneapolis-St. Paul-Bloomington, MN-WI Metro Area (part); Wisconsin",33460,137170
"Oshkosh-Neenah, WI Metro Area; Wisconsin",36780,171357
"Platteville, WI Micro Area; Wisconsin",38420,51678
"Racine-Mount Pleasant, WI Metro Area; Wisconsin",39540,196888
"Rice Lake, WI Micro Area; Wisconsin",39960,46741
"Shawano, WI Micro Area; Wisconsin",43020,45183
"Sheboygan, WI Metro Area; Wisconsin",43100,117783
"Sparta, WI Micro Area; Wisconsin",43890,46169
"Stevens Point-Plover, WI Micro Area; Wisconsin",44620,70375
"Watertown-Fort Atkinson, WI Micro Area; Wisconsin",48020,85867
"Wausau, WI Metro Area; Wisconsin",48140,138067
"Whitewater-Elkhorn, WI Micro Area; Wisconsin",48580,105447
"Wisconsin Rapids-Marshfield, WI Micro Area; Wisconsin",49220,74039
"Casper, WY Metro Area; Wyoming",16220,79735
"Cheyenne, WY Metro Area; Wyoming",16940,100661
"Cody, WY Micro Area; Wyoming",17650,30109
"Evanston, WY-UT Micro Area (part); Wyoming",21740,20605
"Gillette, WY Micro Area; Wyoming",23940,47018
"Jackson, WY-ID Micro Area (part); Wyoming",27220,23358
"Laramie, WY Micro Area; Wyoming",29660,37713
"Riverton, WY Micro Area; Wyoming",40180,39472
"Rock Springs, WY Micro Area; Wyoming",40540,41786
"Sheridan, WY Micro Area; Wyoming",43260,31585
"Aguadilla, PR Metro Area; Puerto Rico",10380,252430
"Arecibo, PR Metro Area; Puerto Rico",11640,181380
"Coamo, PR Micro Area; Puerto Rico",17620,54358
"Coco, PR Micro Area; Puerto Rico",17640,25397
"Guayama, PR Metro Area; Puerto Rico",25020,67171
"Lares, PR Micro Area; Puerto Rico",29720,27944
"Mayagüez, PR Metro Area; Puerto Rico",32420,211487
"Ponce, PR Metro Area; Puerto Rico",38660,273739
"San Juan-Bayamón-Caguas, PR Metro Area; Puerto Rico",41980,2063795
"Utuado, PR Micro Area; Puerto Rico",46580,27896
